<?xml version="1.0" encoding="UTF-8"?>
<metadata xml:lang="es"><Esri><CreaDate>20150403</CreaDate><CreaTime>20200000</CreaTime><ArcGISFormat>1.0</ArcGISFormat><SyncOnce>TRUE</SyncOnce><DataProperties><lineage><Process ToolSource="c:\program files (x86)\arcgis\desktop10.1\ArcToolbox\Toolboxes\Data Management Tools.tbx\DefineProjection" Date="20150403" Time="202000">DefineProjection 718_717_Edit_TramaUrbana PROJCS['Argentina_Posgar94_GaussKrugerFaja5_EPSG 22185',GEOGCS['GCS_WGS_1984',DATUM['D_WGS_1984',SPHEROID['WGS_1984',6378137.0,298.257223563]],PRIMEM['Greenwich',0.0],UNIT['Degree',0.0174532925199433]],PROJECTION['Transverse_Mercator'],PARAMETER['False_Easting',5500000.0],PARAMETER['False_Northing',0.0],PARAMETER['Central_Meridian',-60.0],PARAMETER['Scale_Factor',1.0],PARAMETER['Latitude_Of_Origin',-90.0],UNIT['Meter',1.0]]</Process></lineage></DataProperties></Esri></metadata>
