-- Estos son los datos utilizados durante las pruebas

INSERT INTO Docente (CUIL, DNI, NomyApell, Sexo, FechaNac, TelFijo, TelCelular, Mail, idDomicilio)
VALUES ('20444444445', '12345678', 'Juan Pérez', 'M', '1980-04-15', '011-1234-5678', '011-9876-5432', 'juan.perez@example.com', 1),
('27367654324',	'36765432',	'María García', 'F', '1975-08-20', '011-2233-4455', '011-5566-7788', 'maria.garcia@example.com', 2),
('20333333333', '33333333', 'Carlos López', 'M', '1990-12-10', '011-3344-5566', '011-6677-8899', 'carlos.lopez@example.com', 3);

INSERT INTO Escuela (EscuelaNro, Nombre, Direccion)
VALUES (101, 'Escuela Secundaria N° 1', 'Av. Siempreviva 742, Ciudad A'),
(102, 'Escuela Técnica N° 2', 'Calle Falsa 123, Ciudad B'),
(103, 'Colegio Nacional N° 3', 'Boulevard Principal 456, Ciudad C'),
(104, 'Escuela de Artes N° 4', 'Ruta 1 Km 23, Ciudad D');

INSERT INTO Trayectoria (CUIL, EscuelaNro, Cargo, Suplente_titular, SalarioBruto) VALUES
('20444444445', 102, 'Profesora de Quimioterapia', 'T', 110000.00),
('27367654324', 101, 'Profesor de Historia del LoL', 'S', 4000.00),
('20333333333', 104, 'Profesora de Recreo', 'T', 999999.00);

INSERT INTO Domicilio (Ciudad, Calle, Número)
VALUES 
('Buenos Aires', 'Avenida Siempre Viva', '742'),
('Córdoba', 'Calle Falsa', '123'),
('Rosario', 'Boulevard Oroño', '2156'),
('Mendoza', 'San Martín', '4321'),
('Salta', 'Mitre', '987'),
('Neuquén', 'Sarmiento', '654'),
('Tucumán', 'Rivadavia', '1050'),
('Mar del Plata', 'Colón', '789');

INSERT INTO Justificacion(idJustificacion, Descripcion) VALUES
(1, 'Enfermedad'),
(2, 'Licencia por cuidado de conviviente'),
(3, 'Licencia por enfermedad'),
(4, NULL),
(5, 'Reunión en la AFA para quitar descensos'),
(6, 'Trámite personal'),
(7, 'Tratamiento médico'),
(8, 'Vacaciones'),
(9, 'Me dormí');

INSERT INTO Inasistencia (Fecha, CUIL, idJustificacion) VALUES
('2022-01-16', '20333333333', 1),
('2022-01-17', '20333333333', 1),
('2022-04-07', '20444444445', 3),
('2022-04-08', '20444444445', 3),
('2022-04-09', '20444444445', 3),
('2022-04-10', '20444444445', 3),
('2022-04-11', '20444444445', 3),
('2022-04-12', '20444444445', 3),
('2023-09-03', '20444444445', 2),
('2023-09-04', '20444444445', 2),
('2023-09-15', '20333333333', 6),
('2023-11-20', '27367654324', 4),
('2023-12-17', '20333333333', 8),
('2023-12-18', '20333333333', 8),
('2023-12-19', '20333333333', 8),
('2023-12-20', '20333333333', 8),
('2023-12-21', '20333333333', 8),
('2023-12-22', '20333333333', 8),
('2023-12-23', '20333333333', 8),
('2023-12-24', '20333333333', 8),
('2023-12-25', '20333333333', 8),
('2023-12-26', '20333333333', 8),
('2023-12-27', '20333333333', 8),
('2023-12-28', '20333333333', 8),
('2023-12-29', '20333333333', 8),
('2023-12-30', '20333333333', 8),
('2023-12-31', '20333333333', 8),
('2024-01-01', '20333333333', 8),
('2024-01-02', '20333333333', 8),
('2024-01-03', '20333333333', 8),
('2024-01-04', '20333333333', 8),
('2024-01-05', '20333333333', 8),
('2024-01-06', '20333333333', 8),
('2024-01-07', '20333333333', 8),
('2024-01-08', '20333333333', 8),
('2024-01-09', '20333333333', 8),
('2024-01-10', '20333333333', 8),
('2023-12-17', '20444444445', 8),
('2023-12-18', '20444444445', 8),
('2023-12-19', '20444444445', 8),
('2023-12-20', '20444444445', 8),
('2023-12-21', '20444444445', 8),
('2023-12-22', '20444444445', 8),
('2023-12-23', '20444444445', 8),
('2023-12-24', '20444444445', 8),
('2023-12-25', '20444444445', 8),
('2023-12-26', '20444444445', 8),
('2023-12-27', '20444444445', 8),
('2023-12-28', '20444444445', 8),
('2023-12-29', '20444444445', 8),
('2023-12-30', '20444444445', 8),
('2023-12-31', '20444444445', 8),
('2024-01-01', '20444444445', 8),
('2024-01-02', '20444444445', 8),
('2024-01-03', '20444444445', 8),
('2024-01-04', '20444444445', 8),
('2024-01-05', '20444444445', 8),
('2024-01-06', '20444444445', 8),
('2024-01-07', '20444444445', 8),
('2024-01-08', '20444444445', 8),
('2024-01-09', '20444444445', 8),
('2024-01-10', '20444444445', 8),
('2023-12-17', '27367654324', 8),
('2023-12-18', '27367654324', 8),
('2023-12-19', '27367654324', 8),
('2023-12-20', '27367654324', 8),
('2023-12-21', '27367654324', 8),
('2023-12-22', '27367654324', 8),
('2023-12-23', '27367654324', 8),
('2023-12-24', '27367654324', 8),
('2023-12-25', '27367654324', 8),
('2023-12-26', '27367654324', 8),
('2023-12-27', '27367654324', 8),
('2023-12-28', '27367654324', 8),
('2023-12-29', '27367654324', 8),
('2023-12-30', '27367654324', 8),
('2023-12-31', '27367654324', 8),
('2024-01-01', '27367654324', 8),
('2024-01-02', '27367654324', 8),
('2024-01-03', '27367654324', 8),
('2024-01-04', '27367654324', 8),
('2024-01-05', '27367654324', 8),
('2024-01-06', '27367654324', 8),
('2024-01-07', '27367654324', 8),
('2024-01-08', '27367654324', 8),
('2024-01-09', '27367654324', 8),
('2024-01-10', '27367654324', 9),
('2024-05-01', '27367654324', 3),
('2024-05-02', '27367654324', 3),
('2024-05-03', '27367654324', 3),
('2024-06-11', '20444444445', 7),
('2024-06-20', '20333333333', 4),
('2024-08-05', '27367654324', 5),
('2024-09-01', '27367654324', 2),
('2024-09-02', '27367654324', 2),
('2024-09-05', '27367654324', 4),
('2024-09-15', '20333333333', 4),
('2024-11-10', '20333333333', 3),
('2024-11-11', '20333333333', 3);