<?xml version="1.0" encoding="UTF-8"?>
<metadata xml:lang="es"><Esri><CreaDate>20150403</CreaDate><CreaTime>18510800</CreaTime><ArcGISFormat>1.0</ArcGISFormat><SyncOnce>FALSE</SyncOnce><DataProperties><lineage><Process ToolSource="c:\program files (x86)\arcgis\desktop10.1\ArcToolbox\Toolboxes\Data Management Tools.tbx\DefineProjection" Date="20150403" Time="185108">DefineProjection 707_706_ParcPolygon PROJCS['Argentina_Posgar94_GaussKrugerFaja5_EPSG 22185',GEOGCS['GCS_WGS_1984',DATUM['D_WGS_1984',SPHEROID['WGS_1984',6378137.0,298.257223563]],PRIMEM['Greenwich',0.0],UNIT['Degree',0.0174532925199433]],PROJECTION['Transverse_Mercator'],PARAMETER['False_Easting',5500000.0],PARAMETER['False_Northing',0.0],PARAMETER['Central_Meridian',-60.0],PARAMETER['Scale_Factor',1.0],PARAMETER['Latitude_Of_Origin',-90.0],UNIT['Meter',1.0]]</Process><Process ToolSource="c:\program files (x86)\arcgis\desktop10.1\ArcToolbox\Toolboxes\Analysis Tools.tbx\SpatialJoin" Date="20150404" Time="141655">SpatialJoin 705_704_Edit_ParcPolygon 710_709_Edit_EtiParc C:\TFM_SIG\Resultados\TU\result_finales\714_705_710_SpatialJoin_Parc.shp JOIN_ONE_TO_ONE KEEP_ALL "Id "Id" true true false 6 Long 0 6 ,First,#,C:\TFM_SIG\Resultados\TU\result_inter\705_704_Edit_ParcPolygon.shp,Id,-1,-1;Entity "Entity" true true false 16 Text 0 0 ,First,#,C:\TFM_SIG\Resultados\TU\result_inter\710_709_Edit_EtiParc.shp,Entity,-1,-1;Handle "Handle" true true false 16 Text 0 0 ,First,#,C:\TFM_SIG\Resultados\TU\result_inter\710_709_Edit_EtiParc.shp,Handle,-1,-1;Owner "Owner" true true false 16 Text 0 0 ,First,#,C:\TFM_SIG\Resultados\TU\result_inter\710_709_Edit_EtiParc.shp,Owner,-1,-1;Layer "Layer" true true false 254 Text 0 0 ,First,#,C:\TFM_SIG\Resultados\TU\result_inter\710_709_Edit_EtiParc.shp,Layer,-1,-1;LyrFrzn "LyrFrzn" true true false 4 Short 0 4 ,First,#,C:\TFM_SIG\Resultados\TU\result_inter\710_709_Edit_EtiParc.shp,LyrFrzn,-1,-1;LyrLock "LyrLock" true true false 4 Short 0 4 ,First,#,C:\TFM_SIG\Resultados\TU\result_inter\710_709_Edit_EtiParc.shp,LyrLock,-1,-1;LyrOn "LyrOn" true true false 4 Short 0 4 ,First,#,C:\TFM_SIG\Resultados\TU\result_inter\710_709_Edit_EtiParc.shp,LyrOn,-1,-1;LyrVPFrzn "LyrVPFrzn" true true false 4 Short 0 4 ,First,#,C:\TFM_SIG\Resultados\TU\result_inter\710_709_Edit_EtiParc.shp,LyrVPFrzn,-1,-1;LyrHandle "LyrHandle" true true false 16 Text 0 0 ,First,#,C:\TFM_SIG\Resultados\TU\result_inter\710_709_Edit_EtiParc.shp,LyrHandle,-1,-1;Color "Color" true true false 4 Short 0 4 ,First,#,C:\TFM_SIG\Resultados\TU\result_inter\710_709_Edit_EtiParc.shp,Color,-1,-1;EntColor "EntColor" true true false 4 Short 0 4 ,First,#,C:\TFM_SIG\Resultados\TU\result_inter\710_709_Edit_EtiParc.shp,EntColor,-1,-1;LyrColor "LyrColor" true true false 4 Short 0 4 ,First,#,C:\TFM_SIG\Resultados\TU\result_inter\710_709_Edit_EtiParc.shp,LyrColor,-1,-1;BlkColor "BlkColor" true true false 4 Short 0 4 ,First,#,C:\TFM_SIG\Resultados\TU\result_inter\710_709_Edit_EtiParc.shp,BlkColor,-1,-1;Linetype "Linetype" true true false 254 Text 0 0 ,First,#,C:\TFM_SIG\Resultados\TU\result_inter\710_709_Edit_EtiParc.shp,Linetype,-1,-1;EntLinetyp "EntLinetyp" true true false 254 Text 0 0 ,First,#,C:\TFM_SIG\Resultados\TU\result_inter\710_709_Edit_EtiParc.shp,EntLinetyp,-1,-1;LyrLnType "LyrLnType" true true false 254 Text 0 0 ,First,#,C:\TFM_SIG\Resultados\TU\result_inter\710_709_Edit_EtiParc.shp,LyrLnType,-1,-1;BlkLinetyp "BlkLinetyp" true true false 254 Text 0 0 ,First,#,C:\TFM_SIG\Resultados\TU\result_inter\710_709_Edit_EtiParc.shp,BlkLinetyp,-1,-1;Elevation "Elevation" true true false 19 Double 0 0 ,First,#,C:\TFM_SIG\Resultados\TU\result_inter\710_709_Edit_EtiParc.shp,Elevation,-1,-1;Thickness "Thickness" true true false 19 Double 0 0 ,First,#,C:\TFM_SIG\Resultados\TU\result_inter\710_709_Edit_EtiParc.shp,Thickness,-1,-1;LineWt "LineWt" true true false 4 Short 0 4 ,First,#,C:\TFM_SIG\Resultados\TU\result_inter\710_709_Edit_EtiParc.shp,LineWt,-1,-1;EntLineWt "EntLineWt" true true false 4 Short 0 4 ,First,#,C:\TFM_SIG\Resultados\TU\result_inter\710_709_Edit_EtiParc.shp,EntLineWt,-1,-1;LyrLineWt "LyrLineWt" true true false 4 Short 0 4 ,First,#,C:\TFM_SIG\Resultados\TU\result_inter\710_709_Edit_EtiParc.shp,LyrLineWt,-1,-1;BlkLineWt "BlkLineWt" true true false 4 Short 0 4 ,First,#,C:\TFM_SIG\Resultados\TU\result_inter\710_709_Edit_EtiParc.shp,BlkLineWt,-1,-1;RefName "RefName" true true false 254 Text 0 0 ,First,#,C:\TFM_SIG\Resultados\TU\result_inter\710_709_Edit_EtiParc.shp,RefName,-1,-1;LTScale "LTScale" true true false 19 Double 0 0 ,First,#,C:\TFM_SIG\Resultados\TU\result_inter\710_709_Edit_EtiParc.shp,LTScale,-1,-1;ExtX "ExtX" true true false 19 Double 0 0 ,First,#,C:\TFM_SIG\Resultados\TU\result_inter\710_709_Edit_EtiParc.shp,ExtX,-1,-1;ExtY "ExtY" true true false 19 Double 0 0 ,First,#,C:\TFM_SIG\Resultados\TU\result_inter\710_709_Edit_EtiParc.shp,ExtY,-1,-1;ExtZ "ExtZ" true true false 19 Double 0 0 ,First,#,C:\TFM_SIG\Resultados\TU\result_inter\710_709_Edit_EtiParc.shp,ExtZ,-1,-1;DocName "DocName" true true false 254 Text 0 0 ,First,#,C:\TFM_SIG\Resultados\TU\result_inter\710_709_Edit_EtiParc.shp,DocName,-1,-1;DocPath "DocPath" true true false 254 Text 0 0 ,First,#,C:\TFM_SIG\Resultados\TU\result_inter\710_709_Edit_EtiParc.shp,DocPath,-1,-1;DocType "DocType" true true false 32 Text 0 0 ,First,#,C:\TFM_SIG\Resultados\TU\result_inter\710_709_Edit_EtiParc.shp,DocType,-1,-1;DocVer "DocVer" true true false 16 Text 0 0 ,First,#,C:\TFM_SIG\Resultados\TU\result_inter\710_709_Edit_EtiParc.shp,DocVer,-1,-1;ScaleX "ScaleX" true true false 19 Double 0 0 ,First,#,C:\TFM_SIG\Resultados\TU\result_inter\710_709_Edit_EtiParc.shp,ScaleX,-1,-1;ScaleY "ScaleY" true true false 19 Double 0 0 ,First,#,C:\TFM_SIG\Resultados\TU\result_inter\710_709_Edit_EtiParc.shp,ScaleY,-1,-1;ScaleZ "ScaleZ" true true false 19 Double 0 0 ,First,#,C:\TFM_SIG\Resultados\TU\result_inter\710_709_Edit_EtiParc.shp,ScaleZ,-1,-1;Style "Style" true true false 254 Text 0 0 ,First,#,C:\TFM_SIG\Resultados\TU\result_inter\710_709_Edit_EtiParc.shp,Style,-1,-1;FontID "FontID" true true false 4 Short 0 4 ,First,#,C:\TFM_SIG\Resultados\TU\result_inter\710_709_Edit_EtiParc.shp,FontID,-1,-1;Text "Text" true true false 254 Text 0 0 ,First,#,C:\TFM_SIG\Resultados\TU\result_inter\710_709_Edit_EtiParc.shp,Text,-1,-1;Height "Height" true true false 19 Double 0 0 ,First,#,C:\TFM_SIG\Resultados\TU\result_inter\710_709_Edit_EtiParc.shp,Height,-1,-1;TxtAngle "TxtAngle" true true false 19 Double 0 0 ,First,#,C:\TFM_SIG\Resultados\TU\result_inter\710_709_Edit_EtiParc.shp,TxtAngle,-1,-1;TxtWidth "TxtWidth" true true false 19 Double 0 0 ,First,#,C:\TFM_SIG\Resultados\TU\result_inter\710_709_Edit_EtiParc.shp,TxtWidth,-1,-1;TxtOblique "TxtOblique" true true false 19 Double 0 0 ,First,#,C:\TFM_SIG\Resultados\TU\result_inter\710_709_Edit_EtiParc.shp,TxtOblique,-1,-1;TxtGenType "TxtGenType" true true false 32 Text 0 0 ,First,#,C:\TFM_SIG\Resultados\TU\result_inter\710_709_Edit_EtiParc.shp,TxtGenType,-1,-1;TxtJust "TxtJust" true true false 32 Text 0 0 ,First,#,C:\TFM_SIG\Resultados\TU\result_inter\710_709_Edit_EtiParc.shp,TxtJust,-1,-1;VertAlign "VertAlign" true true false 32 Text 0 0 ,First,#,C:\TFM_SIG\Resultados\TU\result_inter\710_709_Edit_EtiParc.shp,VertAlign,-1,-1;TxtFont "TxtFont" true true false 254 Text 0 0 ,First,#,C:\TFM_SIG\Resultados\TU\result_inter\710_709_Edit_EtiParc.shp,TxtFont,-1,-1;TxtBoxHt "TxtBoxHt" true true false 19 Double 0 0 ,First,#,C:\TFM_SIG\Resultados\TU\result_inter\710_709_Edit_EtiParc.shp,TxtBoxHt,-1,-1;TxtBoxWd "TxtBoxWd" true true false 19 Double 0 0 ,First,#,C:\TFM_SIG\Resultados\TU\result_inter\710_709_Edit_EtiParc.shp,TxtBoxWd,-1,-1;TxtRefWd "TxtRefWd" true true false 19 Double 0 0 ,First,#,C:\TFM_SIG\Resultados\TU\result_inter\710_709_Edit_EtiParc.shp,TxtRefWd,-1,-1;TxtAttach "TxtAttach" true true false 4 Short 0 4 ,First,#,C:\TFM_SIG\Resultados\TU\result_inter\710_709_Edit_EtiParc.shp,TxtAttach,-1,-1;TxtDir "TxtDir" true true false 4 Short 0 4 ,First,#,C:\TFM_SIG\Resultados\TU\result_inter\710_709_Edit_EtiParc.shp,TxtDir,-1,-1;LnSpace "LnSpace" true true false 4 Short 0 4 ,First,#,C:\TFM_SIG\Resultados\TU\result_inter\710_709_Edit_EtiParc.shp,LnSpace,-1,-1;SpaceFct "SpaceFct" true true false 19 Double 0 0 ,First,#,C:\TFM_SIG\Resultados\TU\result_inter\710_709_Edit_EtiParc.shp,SpaceFct,-1,-1;TxtMemo "TxtMemo" true true false 254 Text 0 0 ,First,#,C:\TFM_SIG\Resultados\TU\result_inter\710_709_Edit_EtiParc.shp,TxtMemo,-1,-1" INTERSECT # #</Process></lineage><itemProps><itemName Sync="TRUE">714_705_710_SpatialJoin_Parc</itemName><imsContentType Sync="TRUE">002</imsContentType><itemSize Sync="TRUE">0.000</itemSize><itemLocation><linkage Sync="TRUE">file://\\LAURAPORTATIL\C$\TFM_SIG\Resultados\TU\result_finales\714_705_710_SpatialJoin_Parc.shp</linkage><protocol Sync="TRUE">Local Area Network</protocol></itemLocation></itemProps><coordRef><type Sync="TRUE">Projected</type><geogcsn Sync="TRUE">GCS_WGS_1984</geogcsn><csUnits Sync="TRUE">Linear Unit: Meter (1.000000)</csUnits><projcsn Sync="TRUE">Argentina_Posgar94_GaussKrugerFaja5_EPSG 22185</projcsn><peXml Sync="TRUE">&lt;ProjectedCoordinateSystem xsi:type='typens:ProjectedCoordinateSystem' xmlns:xsi='http://www.w3.org/2001/XMLSchema-instance' xmlns:xs='http://www.w3.org/2001/XMLSchema' xmlns:typens='http://www.esri.com/schemas/ArcGIS/10.1'&gt;&lt;WKT&gt;PROJCS[&amp;quot;Argentina_Posgar94_GaussKrugerFaja5_EPSG 22185&amp;quot;,GEOGCS[&amp;quot;GCS_WGS_1984&amp;quot;,DATUM[&amp;quot;D_WGS_1984&amp;quot;,SPHEROID[&amp;quot;WGS_1984&amp;quot;,6378137.0,298.257223563]],PRIMEM[&amp;quot;Greenwich&amp;quot;,0.0],UNIT[&amp;quot;Degree&amp;quot;,0.0174532925199433]],PROJECTION[&amp;quot;Transverse_Mercator&amp;quot;],PARAMETER[&amp;quot;False_Easting&amp;quot;,5500000.0],PARAMETER[&amp;quot;False_Northing&amp;quot;,0.0],PARAMETER[&amp;quot;Central_Meridian&amp;quot;,-60.0],PARAMETER[&amp;quot;Scale_Factor&amp;quot;,1.0],PARAMETER[&amp;quot;Latitude_Of_Origin&amp;quot;,-90.0],UNIT[&amp;quot;Meter&amp;quot;,1.0]]&lt;/WKT&gt;&lt;XOrigin&gt;-123200&lt;/XOrigin&gt;&lt;YOrigin&gt;-100&lt;/YOrigin&gt;&lt;XYScale&gt;450265407.00157917&lt;/XYScale&gt;&lt;ZOrigin&gt;-100000&lt;/ZOrigin&gt;&lt;ZScale&gt;10000&lt;/ZScale&gt;&lt;MOrigin&gt;-100000&lt;/MOrigin&gt;&lt;MScale&gt;10000&lt;/MScale&gt;&lt;XYTolerance&gt;0.001&lt;/XYTolerance&gt;&lt;ZTolerance&gt;0.001&lt;/ZTolerance&gt;&lt;MTolerance&gt;0.001&lt;/MTolerance&gt;&lt;HighPrecision&gt;true&lt;/HighPrecision&gt;&lt;/ProjectedCoordinateSystem&gt;</peXml></coordRef></DataProperties><SyncDate>20150404</SyncDate><SyncTime>14165100</SyncTime><ModDate>20150404</ModDate><ModTime>14165100</ModTime></Esri><dataIdInfo><envirDesc Sync="TRUE"> Version 6.2 (Build 9200) ; Esri ArcGIS 10.1.0.3035</envirDesc><dataLang><languageCode value="spa" Sync="TRUE"></languageCode><countryCode value="ESP" Sync="TRUE"></countryCode></dataLang><idCitation><resTitle Sync="TRUE">714_705_710_SpatialJoin_Parc</resTitle><presForm><PresFormCd value="005" Sync="TRUE"></PresFormCd></presForm></idCitation><spatRpType><SpatRepTypCd value="001" Sync="TRUE"></SpatRepTypCd></spatRpType></dataIdInfo><mdLang><languageCode value="spa" Sync="TRUE"></languageCode><countryCode value="ESP" Sync="TRUE"></countryCode></mdLang><mdChar><CharSetCd value="004" Sync="TRUE"></CharSetCd></mdChar><distInfo><distFormat><formatName Sync="TRUE">Shapefile</formatName></distFormat><distTranOps><transSize Sync="TRUE">0.000</transSize></distTranOps></distInfo><mdHrLv><ScopeCd value="005" Sync="TRUE"></ScopeCd></mdHrLv><mdHrLvName Sync="TRUE">dataset</mdHrLvName><refSysInfo><RefSystem><refSysID><identCode code="0" Sync="TRUE"></identCode></refSysID></RefSystem></refSysInfo><spatRepInfo><VectSpatRep><geometObjs Name="714_705_710_SpatialJoin_Parc"><geoObjTyp><GeoObjTypCd value="002" Sync="TRUE"></GeoObjTypCd></geoObjTyp><geoObjCnt Sync="TRUE">0</geoObjCnt></geometObjs><topLvl><TopoLevCd value="001" Sync="TRUE"></TopoLevCd></topLvl></VectSpatRep></spatRepInfo><spdoinfo><ptvctinf><esriterm Name="714_705_710_SpatialJoin_Parc"><efeatyp Sync="TRUE">Simple</efeatyp><efeageom code="4" Sync="TRUE"></efeageom><esritopo Sync="TRUE">FALSE</esritopo><efeacnt Sync="TRUE">0</efeacnt><spindex Sync="TRUE">FALSE</spindex><linrefer Sync="TRUE">FALSE</linrefer></esriterm></ptvctinf></spdoinfo><eainfo><detailed Name="714_705_710_SpatialJoin_Parc"><enttyp><enttypl Sync="TRUE">714_705_710_SpatialJoin_Parc</enttypl><enttypt Sync="TRUE">Feature Class</enttypt><enttypc Sync="TRUE">0</enttypc></enttyp><attr><attrlabl Sync="TRUE">FID</attrlabl><attalias Sync="TRUE">FID</attalias><attrtype Sync="TRUE">OID</attrtype><attwidth Sync="TRUE">4</attwidth><atprecis Sync="TRUE">0</atprecis><attscale Sync="TRUE">0</attscale><attrdef Sync="TRUE">Internal feature number.</attrdef><attrdefs Sync="TRUE">Esri</attrdefs><attrdomv><udom Sync="TRUE">Sequential unique whole numbers that are automatically generated.</udom></attrdomv></attr><attr><attrlabl Sync="TRUE">Shape</attrlabl><attalias Sync="TRUE">Shape</attalias><attrtype Sync="TRUE">Geometry</attrtype><attwidth Sync="TRUE">0</attwidth><atprecis Sync="TRUE">0</atprecis><attscale Sync="TRUE">0</attscale><attrdef Sync="TRUE">Feature geometry.</attrdef><attrdefs Sync="TRUE">Esri</attrdefs><attrdomv><udom Sync="TRUE">Coordinates defining the features.</udom></attrdomv></attr><attr><attrlabl Sync="TRUE">Join_Count</attrlabl><attalias Sync="TRUE">Join_Count</attalias><attrtype Sync="TRUE">Integer</attrtype><attwidth Sync="TRUE">9</attwidth><atprecis Sync="TRUE">9</atprecis><attscale Sync="TRUE">0</attscale></attr><attr><attrlabl Sync="TRUE">TARGET_FID</attrlabl><attalias Sync="TRUE">TARGET_FID</attalias><attrtype Sync="TRUE">Integer</attrtype><attwidth Sync="TRUE">9</attwidth><atprecis Sync="TRUE">9</atprecis><attscale Sync="TRUE">0</attscale></attr><attr><attrlabl Sync="TRUE">Id</attrlabl><attalias Sync="TRUE">Id</attalias><attrtype Sync="TRUE">Integer</attrtype><attwidth Sync="TRUE">6</attwidth><atprecis Sync="TRUE">6</atprecis><attscale Sync="TRUE">0</attscale></attr><attr><attrlabl Sync="TRUE">Entity</attrlabl><attalias Sync="TRUE">Entity</attalias><attrtype Sync="TRUE">String</attrtype><attwidth Sync="TRUE">16</attwidth><atprecis Sync="TRUE">0</atprecis><attscale Sync="TRUE">0</attscale></attr><attr><attrlabl Sync="TRUE">Handle</attrlabl><attalias Sync="TRUE">Handle</attalias><attrtype Sync="TRUE">String</attrtype><attwidth Sync="TRUE">16</attwidth><atprecis Sync="TRUE">0</atprecis><attscale Sync="TRUE">0</attscale></attr><attr><attrlabl Sync="TRUE">Owner</attrlabl><attalias Sync="TRUE">Owner</attalias><attrtype Sync="TRUE">String</attrtype><attwidth Sync="TRUE">16</attwidth><atprecis Sync="TRUE">0</atprecis><attscale Sync="TRUE">0</attscale></attr><attr><attrlabl Sync="TRUE">Layer</attrlabl><attalias Sync="TRUE">Layer</attalias><attrtype Sync="TRUE">String</attrtype><attwidth Sync="TRUE">254</attwidth><atprecis Sync="TRUE">0</atprecis><attscale Sync="TRUE">0</attscale></attr><attr><attrlabl Sync="TRUE">LyrFrzn</attrlabl><attalias Sync="TRUE">LyrFrzn</attalias><attrtype Sync="TRUE">SmallInteger</attrtype><attwidth Sync="TRUE">4</attwidth><atprecis Sync="TRUE">4</atprecis><attscale Sync="TRUE">0</attscale></attr><attr><attrlabl Sync="TRUE">LyrLock</attrlabl><attalias Sync="TRUE">LyrLock</attalias><attrtype Sync="TRUE">SmallInteger</attrtype><attwidth Sync="TRUE">4</attwidth><atprecis Sync="TRUE">4</atprecis><attscale Sync="TRUE">0</attscale></attr><attr><attrlabl Sync="TRUE">LyrOn</attrlabl><attalias Sync="TRUE">LyrOn</attalias><attrtype Sync="TRUE">SmallInteger</attrtype><attwidth Sync="TRUE">4</attwidth><atprecis Sync="TRUE">4</atprecis><attscale Sync="TRUE">0</attscale></attr><attr><attrlabl Sync="TRUE">LyrVPFrzn</attrlabl><attalias Sync="TRUE">LyrVPFrzn</attalias><attrtype Sync="TRUE">SmallInteger</attrtype><attwidth Sync="TRUE">4</attwidth><atprecis Sync="TRUE">4</atprecis><attscale Sync="TRUE">0</attscale></attr><attr><attrlabl Sync="TRUE">LyrHandle</attrlabl><attalias Sync="TRUE">LyrHandle</attalias><attrtype Sync="TRUE">String</attrtype><attwidth Sync="TRUE">16</attwidth><atprecis Sync="TRUE">0</atprecis><attscale Sync="TRUE">0</attscale></attr><attr><attrlabl Sync="TRUE">Color</attrlabl><attalias Sync="TRUE">Color</attalias><attrtype Sync="TRUE">SmallInteger</attrtype><attwidth Sync="TRUE">4</attwidth><atprecis Sync="TRUE">4</atprecis><attscale Sync="TRUE">0</attscale></attr><attr><attrlabl Sync="TRUE">EntColor</attrlabl><attalias Sync="TRUE">EntColor</attalias><attrtype Sync="TRUE">SmallInteger</attrtype><attwidth Sync="TRUE">4</attwidth><atprecis Sync="TRUE">4</atprecis><attscale Sync="TRUE">0</attscale></attr><attr><attrlabl Sync="TRUE">LyrColor</attrlabl><attalias Sync="TRUE">LyrColor</attalias><attrtype Sync="TRUE">SmallInteger</attrtype><attwidth Sync="TRUE">4</attwidth><atprecis Sync="TRUE">4</atprecis><attscale Sync="TRUE">0</attscale></attr><attr><attrlabl Sync="TRUE">BlkColor</attrlabl><attalias Sync="TRUE">BlkColor</attalias><attrtype Sync="TRUE">SmallInteger</attrtype><attwidth Sync="TRUE">4</attwidth><atprecis Sync="TRUE">4</atprecis><attscale Sync="TRUE">0</attscale></attr><attr><attrlabl Sync="TRUE">Linetype</attrlabl><attalias Sync="TRUE">Linetype</attalias><attrtype Sync="TRUE">String</attrtype><attwidth Sync="TRUE">254</attwidth><atprecis Sync="TRUE">0</atprecis><attscale Sync="TRUE">0</attscale></attr><attr><attrlabl Sync="TRUE">EntLinetyp</attrlabl><attalias Sync="TRUE">EntLinetyp</attalias><attrtype Sync="TRUE">String</attrtype><attwidth Sync="TRUE">254</attwidth><atprecis Sync="TRUE">0</atprecis><attscale Sync="TRUE">0</attscale></attr><attr><attrlabl Sync="TRUE">LyrLnType</attrlabl><attalias Sync="TRUE">LyrLnType</attalias><attrtype Sync="TRUE">String</attrtype><attwidth Sync="TRUE">254</attwidth><atprecis Sync="TRUE">0</atprecis><attscale Sync="TRUE">0</attscale></attr><attr><attrlabl Sync="TRUE">BlkLinetyp</attrlabl><attalias Sync="TRUE">BlkLinetyp</attalias><attrtype Sync="TRUE">String</attrtype><attwidth Sync="TRUE">254</attwidth><atprecis Sync="TRUE">0</atprecis><attscale Sync="TRUE">0</attscale></attr><attr><attrlabl Sync="TRUE">Elevation</attrlabl><attalias Sync="TRUE">Elevation</attalias><attrtype Sync="TRUE">Double</attrtype><attwidth Sync="TRUE">19</attwidth><atprecis Sync="TRUE">0</atprecis><attscale Sync="TRUE">0</attscale></attr><attr><attrlabl Sync="TRUE">Thickness</attrlabl><attalias Sync="TRUE">Thickness</attalias><attrtype Sync="TRUE">Double</attrtype><attwidth Sync="TRUE">19</attwidth><atprecis Sync="TRUE">0</atprecis><attscale Sync="TRUE">0</attscale></attr><attr><attrlabl Sync="TRUE">LineWt</attrlabl><attalias Sync="TRUE">LineWt</attalias><attrtype Sync="TRUE">SmallInteger</attrtype><attwidth Sync="TRUE">4</attwidth><atprecis Sync="TRUE">4</atprecis><attscale Sync="TRUE">0</attscale></attr><attr><attrlabl Sync="TRUE">EntLineWt</attrlabl><attalias Sync="TRUE">EntLineWt</attalias><attrtype Sync="TRUE">SmallInteger</attrtype><attwidth Sync="TRUE">4</attwidth><atprecis Sync="TRUE">4</atprecis><attscale Sync="TRUE">0</attscale></attr><attr><attrlabl Sync="TRUE">LyrLineWt</attrlabl><attalias Sync="TRUE">LyrLineWt</attalias><attrtype Sync="TRUE">SmallInteger</attrtype><attwidth Sync="TRUE">4</attwidth><atprecis Sync="TRUE">4</atprecis><attscale Sync="TRUE">0</attscale></attr><attr><attrlabl Sync="TRUE">BlkLineWt</attrlabl><attalias Sync="TRUE">BlkLineWt</attalias><attrtype Sync="TRUE">SmallInteger</attrtype><attwidth Sync="TRUE">4</attwidth><atprecis Sync="TRUE">4</atprecis><attscale Sync="TRUE">0</attscale></attr><attr><attrlabl Sync="TRUE">RefName</attrlabl><attalias Sync="TRUE">RefName</attalias><attrtype Sync="TRUE">String</attrtype><attwidth Sync="TRUE">254</attwidth><atprecis Sync="TRUE">0</atprecis><attscale Sync="TRUE">0</attscale></attr><attr><attrlabl Sync="TRUE">LTScale</attrlabl><attalias Sync="TRUE">LTScale</attalias><attrtype Sync="TRUE">Double</attrtype><attwidth Sync="TRUE">19</attwidth><atprecis Sync="TRUE">0</atprecis><attscale Sync="TRUE">0</attscale></attr><attr><attrlabl Sync="TRUE">ExtX</attrlabl><attalias Sync="TRUE">ExtX</attalias><attrtype Sync="TRUE">Double</attrtype><attwidth Sync="TRUE">19</attwidth><atprecis Sync="TRUE">0</atprecis><attscale Sync="TRUE">0</attscale></attr><attr><attrlabl Sync="TRUE">ExtY</attrlabl><attalias Sync="TRUE">ExtY</attalias><attrtype Sync="TRUE">Double</attrtype><attwidth Sync="TRUE">19</attwidth><atprecis Sync="TRUE">0</atprecis><attscale Sync="TRUE">0</attscale></attr><attr><attrlabl Sync="TRUE">ExtZ</attrlabl><attalias Sync="TRUE">ExtZ</attalias><attrtype Sync="TRUE">Double</attrtype><attwidth Sync="TRUE">19</attwidth><atprecis Sync="TRUE">0</atprecis><attscale Sync="TRUE">0</attscale></attr><attr><attrlabl Sync="TRUE">DocName</attrlabl><attalias Sync="TRUE">DocName</attalias><attrtype Sync="TRUE">String</attrtype><attwidth Sync="TRUE">254</attwidth><atprecis Sync="TRUE">0</atprecis><attscale Sync="TRUE">0</attscale></attr><attr><attrlabl Sync="TRUE">DocPath</attrlabl><attalias Sync="TRUE">DocPath</attalias><attrtype Sync="TRUE">String</attrtype><attwidth Sync="TRUE">254</attwidth><atprecis Sync="TRUE">0</atprecis><attscale Sync="TRUE">0</attscale></attr><attr><attrlabl Sync="TRUE">DocType</attrlabl><attalias Sync="TRUE">DocType</attalias><attrtype Sync="TRUE">String</attrtype><attwidth Sync="TRUE">32</attwidth><atprecis Sync="TRUE">0</atprecis><attscale Sync="TRUE">0</attscale></attr><attr><attrlabl Sync="TRUE">DocVer</attrlabl><attalias Sync="TRUE">DocVer</attalias><attrtype Sync="TRUE">String</attrtype><attwidth Sync="TRUE">16</attwidth><atprecis Sync="TRUE">0</atprecis><attscale Sync="TRUE">0</attscale></attr><attr><attrlabl Sync="TRUE">ScaleX</attrlabl><attalias Sync="TRUE">ScaleX</attalias><attrtype Sync="TRUE">Double</attrtype><attwidth Sync="TRUE">19</attwidth><atprecis Sync="TRUE">0</atprecis><attscale Sync="TRUE">0</attscale></attr><attr><attrlabl Sync="TRUE">ScaleY</attrlabl><attalias Sync="TRUE">ScaleY</attalias><attrtype Sync="TRUE">Double</attrtype><attwidth Sync="TRUE">19</attwidth><atprecis Sync="TRUE">0</atprecis><attscale Sync="TRUE">0</attscale></attr><attr><attrlabl Sync="TRUE">ScaleZ</attrlabl><attalias Sync="TRUE">ScaleZ</attalias><attrtype Sync="TRUE">Double</attrtype><attwidth Sync="TRUE">19</attwidth><atprecis Sync="TRUE">0</atprecis><attscale Sync="TRUE">0</attscale></attr><attr><attrlabl Sync="TRUE">Style</attrlabl><attalias Sync="TRUE">Style</attalias><attrtype Sync="TRUE">String</attrtype><attwidth Sync="TRUE">254</attwidth><atprecis Sync="TRUE">0</atprecis><attscale Sync="TRUE">0</attscale></attr><attr><attrlabl Sync="TRUE">FontID</attrlabl><attalias Sync="TRUE">FontID</attalias><attrtype Sync="TRUE">SmallInteger</attrtype><attwidth Sync="TRUE">4</attwidth><atprecis Sync="TRUE">4</atprecis><attscale Sync="TRUE">0</attscale></attr><attr><attrlabl Sync="TRUE">Text</attrlabl><attalias Sync="TRUE">Text</attalias><attrtype Sync="TRUE">String</attrtype><attwidth Sync="TRUE">254</attwidth><atprecis Sync="TRUE">0</atprecis><attscale Sync="TRUE">0</attscale></attr><attr><attrlabl Sync="TRUE">Height</attrlabl><attalias Sync="TRUE">Height</attalias><attrtype Sync="TRUE">Double</attrtype><attwidth Sync="TRUE">19</attwidth><atprecis Sync="TRUE">0</atprecis><attscale Sync="TRUE">0</attscale></attr><attr><attrlabl Sync="TRUE">TxtAngle</attrlabl><attalias Sync="TRUE">TxtAngle</attalias><attrtype Sync="TRUE">Double</attrtype><attwidth Sync="TRUE">19</attwidth><atprecis Sync="TRUE">0</atprecis><attscale Sync="TRUE">0</attscale></attr><attr><attrlabl Sync="TRUE">TxtWidth</attrlabl><attalias Sync="TRUE">TxtWidth</attalias><attrtype Sync="TRUE">Double</attrtype><attwidth Sync="TRUE">19</attwidth><atprecis Sync="TRUE">0</atprecis><attscale Sync="TRUE">0</attscale></attr><attr><attrlabl Sync="TRUE">TxtOblique</attrlabl><attalias Sync="TRUE">TxtOblique</attalias><attrtype Sync="TRUE">Double</attrtype><attwidth Sync="TRUE">19</attwidth><atprecis Sync="TRUE">0</atprecis><attscale Sync="TRUE">0</attscale></attr><attr><attrlabl Sync="TRUE">TxtGenType</attrlabl><attalias Sync="TRUE">TxtGenType</attalias><attrtype Sync="TRUE">String</attrtype><attwidth Sync="TRUE">32</attwidth><atprecis Sync="TRUE">0</atprecis><attscale Sync="TRUE">0</attscale></attr><attr><attrlabl Sync="TRUE">TxtJust</attrlabl><attalias Sync="TRUE">TxtJust</attalias><attrtype Sync="TRUE">String</attrtype><attwidth Sync="TRUE">32</attwidth><atprecis Sync="TRUE">0</atprecis><attscale Sync="TRUE">0</attscale></attr><attr><attrlabl Sync="TRUE">VertAlign</attrlabl><attalias Sync="TRUE">VertAlign</attalias><attrtype Sync="TRUE">String</attrtype><attwidth Sync="TRUE">32</attwidth><atprecis Sync="TRUE">0</atprecis><attscale Sync="TRUE">0</attscale></attr><attr><attrlabl Sync="TRUE">TxtFont</attrlabl><attalias Sync="TRUE">TxtFont</attalias><attrtype Sync="TRUE">String</attrtype><attwidth Sync="TRUE">254</attwidth><atprecis Sync="TRUE">0</atprecis><attscale Sync="TRUE">0</attscale></attr><attr><attrlabl Sync="TRUE">TxtBoxHt</attrlabl><attalias Sync="TRUE">TxtBoxHt</attalias><attrtype Sync="TRUE">Double</attrtype><attwidth Sync="TRUE">19</attwidth><atprecis Sync="TRUE">0</atprecis><attscale Sync="TRUE">0</attscale></attr><attr><attrlabl Sync="TRUE">TxtBoxWd</attrlabl><attalias Sync="TRUE">TxtBoxWd</attalias><attrtype Sync="TRUE">Double</attrtype><attwidth Sync="TRUE">19</attwidth><atprecis Sync="TRUE">0</atprecis><attscale Sync="TRUE">0</attscale></attr><attr><attrlabl Sync="TRUE">TxtRefWd</attrlabl><attalias Sync="TRUE">TxtRefWd</attalias><attrtype Sync="TRUE">Double</attrtype><attwidth Sync="TRUE">19</attwidth><atprecis Sync="TRUE">0</atprecis><attscale Sync="TRUE">0</attscale></attr><attr><attrlabl Sync="TRUE">TxtAttach</attrlabl><attalias Sync="TRUE">TxtAttach</attalias><attrtype Sync="TRUE">SmallInteger</attrtype><attwidth Sync="TRUE">4</attwidth><atprecis Sync="TRUE">4</atprecis><attscale Sync="TRUE">0</attscale></attr><attr><attrlabl Sync="TRUE">TxtDir</attrlabl><attalias Sync="TRUE">TxtDir</attalias><attrtype Sync="TRUE">SmallInteger</attrtype><attwidth Sync="TRUE">4</attwidth><atprecis Sync="TRUE">4</atprecis><attscale Sync="TRUE">0</attscale></attr><attr><attrlabl Sync="TRUE">LnSpace</attrlabl><attalias Sync="TRUE">LnSpace</attalias><attrtype Sync="TRUE">SmallInteger</attrtype><attwidth Sync="TRUE">4</attwidth><atprecis Sync="TRUE">4</atprecis><attscale Sync="TRUE">0</attscale></attr><attr><attrlabl Sync="TRUE">SpaceFct</attrlabl><attalias Sync="TRUE">SpaceFct</attalias><attrtype Sync="TRUE">Double</attrtype><attwidth Sync="TRUE">19</attwidth><atprecis Sync="TRUE">0</atprecis><attscale Sync="TRUE">0</attscale></attr><attr><attrlabl Sync="TRUE">TxtMemo</attrlabl><attalias Sync="TRUE">TxtMemo</attalias><attrtype Sync="TRUE">String</attrtype><attwidth Sync="TRUE">254</attwidth><atprecis Sync="TRUE">0</atprecis><attscale Sync="TRUE">0</attscale></attr></detailed></eainfo><mdDateSt Sync="TRUE">20150404</mdDateSt></metadata>
